;QB120A-CORRENTE-M1_avg;QB120A-CORRENTE-M2_avg
min_std;0.14165854638492112;0.05658631781525372
max_std;1.7209759458992704;1.30662048676368
min_ppv;0.5833999999999975;0.245000000000001
max_ppv;5.465;5.140000000000001
min_dstd;0.0745287124548527;0.05880812943234382
max_dstd;0.5346652850935539;0.6372932925774036
min_dppv;0.32250000000000156;0.24920000000000186
max_dppv;4.1325;5.576699999999995
