;QB120A-CORRENTE-M1_avg;QB120A-CORRENTE-M2_avg
min_std;0.14165854638492112;0.08102286321705078
max_std;2.0008514476175723;1.5893834604825716
min_ppv;0.5833999999999975;0.370000000000001
max_ppv;7.127500000000001;7.002500000000001
min_dstd;0.0745287124548527;0.07008856772313987
max_dstd;0.5346652850935539;0.6297215272200066
min_dppv;0.32250000000000156;0.3183000000000007
max_dppv;4.1325;5.576699999999995
