;QB120A-CORRENTE-M1_avg;QB120A-CORRENTE-M2_avg
min_std;0.0890426876403798;0.05658631781525372
max_std;3.196413968657776;2.766724697429054
min_ppv;0.37480000000000047;0.245000000000001
max_ppv;9.274999999999999;9.229199999999999
min_dstd;0.0745287124548527;0.05880812943234382
max_dstd;0.852533158675819;1.0549311259453698
min_dppv;0.32250000000000156;0.24920000000000186
max_dppv;6.861599999999999;8.4667
